{
  "A_hydrogen": {
    "compound": "hydrogen",
    "energies": [
      0.9783823747721809,
      0.7177768803966771,
      -0.17676102270557673,
      -0.7814944355316037,
      -0.8180915158607259,
      -0.881851142197609,
      -0.8316259514653832,
      -1.1482305045689922,
      -1.268296890892814,
      -1.2021447693233789,
      -1.2704189619134594,
      -1.4353108110930481,
      -1.5153298538248916,
      -1.597162935539818,
      -1.5145101792989584,
      -1.642755019249987,
      -1.7572860739968785,
      -1.7259593896875869,
      -1.7427651347279058,
      -1.7446563220631537,
      -1.8489375867242055,
      -1.7224553151462076,
      -1.8301009671096606,
      -1.8842248160223574,
      -1.8334609887887354,
      -1.9107547708049162,
      -1.834443474224022,
      -1.8595071493078188,
      -2.0393273723023517,
      -1.994365037759346
    ],
    "best_energy": -2.0393273723023517,
    "best_step": 29,
    "total_jobs": 30,
    "is_compound": true
  },
  "B_helium": {
    "compound": "helium",
    "energies": [
      -1.7901829162747651,
      -2.2470011257016917,
      -2.27474670520992,
      -2.348920716411632,
      -2.5263460424758586,
      -2.4187582422288765,
      -2.5355559507548993,
      -2.4806744805262477,
      -2.7697068163398844,
      -2.9714464420533515,
      -2.9753856244228127,
      -3.0804568719974768,
      -3.2155748549752987,
      -3.2351897280395012,
      -3.2537600560253543,
      -3.256423315996443,
      -3.2296344064186506,
      -3.3307761497107506,
      -3.378090239088251,
      -3.304356378726019,
      -3.353362926889803,
      -3.398003813028094,
      -3.355762823598984,
      -3.4657417508335913,
      -3.4425969500584968,
      -3.4179727670531936,
      -3.477024377719978,
      -3.419397796861886,
      -3.480834683041448,
      -3.494385271310313
    ],
    "best_energy": -3.494385271310313,
    "best_step": 30,
    "total_jobs": 30,
    "is_compound": true
  },
  "C_doped_hydrogen": {
    "compound": "doped_hydrogen",
    "energies": [
      -0.2994252921688825,
      -0.2980439259119777,
      -0.5148094223653914,
      -0.6011838434507926,
      -0.644117021122667,
      -0.622576526402183,
      -0.6900388860360478,
      -0.7298278130209246,
      -0.8428007094016203,
      -0.8591516845143564,
      -0.8188638518608349,
      -1.0506673062168561,
      -1.0890743013895674,
      -1.1155166362896516,
      -1.1315864611105,
      -1.4104037281398054,
      -1.446068548366487,
      -1.473952745070448,
      -1.4899898867509496,
      -1.5619699914973297,
      -1.5676793984818351,
      -1.5627645727761972,
      -1.6847346416417248,
      -1.630744452266951,
      -1.691170899591836,
      -1.7151601248999615,
      -1.7251503931105097,
      -1.7936728183641837,
      -2.0057283879632313,
      -2.0047201812085502
    ],
    "best_energy": -2.0057283879632313,
    "best_step": 29,
    "total_jobs": 30,
    "is_compound": true
  },
  "D_pure_bronze": {
    "compound": null,
    "energies": [
      -2.296589124884182,
      -2.2738317133155483,
      -2.324790596384706,
      -2.4529600253380552,
      -2.466064670887371,
      -2.4760370377717713,
      -2.6735672057560524,
      -2.623408037741058,
      -2.602393372471508,
      -2.6620442795303063,
      -2.690670829909538,
      -2.695486756971399,
      -2.7595680688575195,
      -2.8105454311019527,
      -2.790766048284331,
      -2.7353343749202157,
      -2.869949788432698,
      -2.999765027117096,
      -3.1060739653913485,
      -3.1429949379967783,
      -3.145773663321646,
      -3.131656639704004,
      -3.282480382058382,
      -3.173796061382138,
      -3.2017632795171487,
      -3.1727055550816248,
      -3.222268646620392,
      -3.2674956095203753,
      -3.3144952826128593,
      -3.2529216801908785
    ],
    "best_energy": -3.3144952826128593,
    "best_step": 29,
    "total_jobs": 30,
    "is_compound": false
  },
  "E_pure_golden": {
    "compound": null,
    "energies": [
      -0.4340055303699626,
      -0.8679622821801423,
      -0.8558166421060316,
      -0.9468945436766315,
      -1.0043186362277545,
      -1.1039874577739484,
      -1.0623708770704812,
      -1.0566210947589854,
      -1.175047259705674,
      -1.3311098506697243,
      -1.632836555638933,
      -1.6571802681728922,
      -1.7236652381084623,
      -1.7786611116009907,
      -1.8119154968568632,
      -1.8219725290766946,
      -1.924544107070348,
      -1.9508644670964284,
      -1.924635221419504,
      -1.9345887252139962,
      -1.8998752471519578,
      -1.9411919828601158,
      -2.050549073361025,
      -2.0921917828572982,
      -2.0693122106755704,
      -2.1097447137633694,
      -2.1562224616506107,
      -2.3003093574761757,
      -2.325819942399882,
      -2.3670422363372112
    ],
    "best_energy": -2.3670422363372112,
    "best_step": 30,
    "total_jobs": 30,
    "is_compound": false
  },
  "F_uniform": {
    "compound": null,
    "energies": [
      -1.157726882201965,
      -1.1098943048943544,
      -1.1631965006132554,
      -1.1904039502552592,
      -1.1444160032718451,
      -1.2725789296373577,
      -1.3658543381976451,
      -1.3323993112079797,
      -1.30930307058071,
      -1.4636221926533668,
      -1.5405913250880177,
      -1.6594701139753818,
      -1.5009902075550285,
      -1.6796358735165344,
      -1.9277845266938232,
      -1.8615208533889742,
      -1.8910159778913695,
      -1.9087343209602745,
      -1.770156486105078,
      -2.038065933440668,
      -1.9422700683918688,
      -2.0532007597983144,
      -2.0950717487232593,
      -2.19866793830013,
      -2.369793230614948,
      -2.199359841731166,
      -2.3254993962244983,
      -2.367865372218515,
      -2.442123734966417,
      -2.5150914775725406
    ],
    "best_energy": -2.5150914775725406,
    "best_step": 30,
    "total_jobs": 30,
    "is_compound": false
  }
}